{
    "test_avg_distance": 0.0146217103897388,
    "angle_30_dis": 0.01815867890597382,
    "angle_45_dis": 0.013749357808363515,
    "angle_60_dis": 0.013699455980405931,
    "angle_75_dis": 0.0131545353392926,
    "angle_90_dis": 0.014663547918333422,
    "angle_105_dis": 0.014446311067870725,
    "angle_120_dis": 0.014590186831045328,
    "angle_135_dis": 0.015014367907071035,
    "angle_150_dis": 0.018712196733912126,
    "angle_210_dis": 0.016743685823735772,
    "angle_225_dis": 0.021813111202148957,
    "angle_240_dis": 0.014352669929758864,
    "angle_255_dis": 0.013027214718320078,
    "angle_270_dis": 0.013060725716910433,
    "angle_285_dis": 0.013601139237770735,
    "angle_300_dis": 0.029200410012548573,
    "angle_315_dis": 0.014551898120386564
}
